"Epic","Feature","Story","FAILED","BROKEN","PASSED","SKIPPED","UNKNOWN"
"","RadioButton","","0","0","2","1","0"
"","NestedFrames","","0","0","2","0","0"
"","Droppable","","0","0","9","0","0"
"","Alerts","","0","0","5","0","0"
"","Tabs","","0","0","4","0","0"
"","Buttons","","0","0","3","0","0"
"","Resizable","","0","0","2","0","0"
"","ModalDialogs","","0","0","2","0","0"
"","AutoComplete","","0","0","2","0","0"
"","Selectable","","0","0","2","0","0"
"","WebTables","","0","0","5","0","0"
"","Accordian","","0","0","3","0","0"
"","BrowserWindows","","0","0","2","0","0"
"","Slider","","0","0","1","0","0"
"","CheckBox","","0","0","1","0","0"
"","Links","","0","0","2","0","0"
"","PracticeForm","","0","1","0","1","0"
"","ToolTips","","0","4","0","0","0"
"","SelectMenu","","0","0","4","0","0"
"","Upload and Download","","0","0","1","0","0"
"","DatePicker","","0","0","2","0","0"
"","ProgressBar","","0","0","2","0","0"
"","Menu","","0","0","1","0","0"
"","Dragabble","","1","0","3","0","0"
"","Dynamic Properties","","0","0","4","0","0"
"","TextBox","","0","0","1","0","0"
"","Frames","","0","0","2","0","0"
"","Sortable","","0","0","2","0","0"
